name,link,Store-name,Price
"8"" x 9"" Belkin Computer Mouse Pad (Black) - $2.83 (Amazon)",,Amazon,$2.83
"8"" x 9"" Belkin Computer Mouse Pad (Black) - $2.83 (Amazon)",,Amazon,$119
"8"" x 9"" Belkin Computer Mouse Pad (Black) - $2.83 (Amazon)",,Amazon,$158
"8"" x 9"" Belkin Computer Mouse Pad (Black) - $2.83 (Amazon)",,,$80
"8"" x 9"" Belkin Computer Mouse Pad (Black) - $2.83 (Amazon)",,Best Buy,$130
"8"" x 9"" Belkin Computer Mouse Pad (Black) - $2.83 (Amazon)",,Newegg,$89.91
"8"" x 9"" Belkin Computer Mouse Pad (Black) - $2.83 (Amazon)",,Amazon,$413
"8"" x 9"" Belkin Computer Mouse Pad (Black) - $2.83 (Amazon)",,Newegg,$359.99
"8"" x 9"" Belkin Computer Mouse Pad (Black) - $2.83 (Amazon)",,Micro Center,$399.99
"8"" x 9"" Belkin Computer Mouse Pad (Black) - $2.83 (Amazon)",,Amazon,$9.99
"8"" x 9"" Belkin Computer Mouse Pad (Black) - $2.83 (Amazon)",,Micro Center,$700
"8"" x 9"" Belkin Computer Mouse Pad (Black) - $2.83 (Amazon)",,Amazon,$343.90
"8"" x 9"" Belkin Computer Mouse Pad (Black) - $2.83 (Amazon)",,Dell Technologies,$199.99
"8"" x 9"" Belkin Computer Mouse Pad (Black) - $2.83 (Amazon)",,Best Buy,$13.49
"8"" x 9"" Belkin Computer Mouse Pad (Black) - $2.83 (Amazon)",,Best Buy,$129.99
"8"" x 9"" Belkin Computer Mouse Pad (Black) - $2.83 (Amazon)",,Newegg,$335
"8"" x 9"" Belkin Computer Mouse Pad (Black) - $2.83 (Amazon)",,Newegg,$94
"8"" x 9"" Belkin Computer Mouse Pad (Black) - $2.83 (Amazon)",,Newegg,
"8"" x 9"" Belkin Computer Mouse Pad (Black) - $2.83 (Amazon)",,Best Buy,$179
"8"" x 9"" Belkin Computer Mouse Pad (Black) - $2.83 (Amazon)",,Amazon,$243.43
"8"" x 9"" Belkin Computer Mouse Pad (Black) - $2.83 (Amazon)",,Amazon,$25
"8"" x 9"" Belkin Computer Mouse Pad (Black) - $2.83 (Amazon)",,,$710
"8"" x 9"" Belkin Computer Mouse Pad (Black) - $2.83 (Amazon)",,,$159
"8"" x 9"" Belkin Computer Mouse Pad (Black) - $2.83 (Amazon)",,Lenovo,$704.99
"8"" x 9"" Belkin Computer Mouse Pad (Black) - $2.83 (Amazon)",,Dell Technologies,$999.99
"8"" x 9"" Belkin Computer Mouse Pad (Black) - $2.83 (Amazon)",,Best Buy,$90
"8"" x 9"" Belkin Computer Mouse Pad (Black) - $2.83 (Amazon)",,,$134
"8"" x 9"" Belkin Computer Mouse Pad (Black) - $2.83 (Amazon)",,Newegg,$200
256GB SanDisk Extreme PLUS UHS-I SDXC or MicroSDXC Memory Card,,eBay,$30 each
256GB SanDisk Extreme PLUS UHS-I SDXC or MicroSDXC Memory Card,,B&H Photo Video,$150
256GB SanDisk Extreme PLUS UHS-I SDXC or MicroSDXC Memory Card,,Best Buy,$249
256GB SanDisk Extreme PLUS UHS-I SDXC or MicroSDXC Memory Card,,,$118.30
256GB SanDisk Extreme PLUS UHS-I SDXC or MicroSDXC Memory Card,,Amazon,
256GB SanDisk Extreme PLUS UHS-I SDXC or MicroSDXC Memory Card,,Amazon,$74.99
256GB SanDisk Extreme PLUS UHS-I SDXC or MicroSDXC Memory Card,,Best Buy,$280
256GB SanDisk Extreme PLUS UHS-I SDXC or MicroSDXC Memory Card,,Dell Technologies,$79.99
256GB SanDisk Extreme PLUS UHS-I SDXC or MicroSDXC Memory Card,,Amazon,$45
256GB SanDisk Extreme PLUS UHS-I SDXC or MicroSDXC Memory Card,,,$101.99
256GB SanDisk Extreme PLUS UHS-I SDXC or MicroSDXC Memory Card,,Amazon,$13.99
256GB SanDisk Extreme PLUS UHS-I SDXC or MicroSDXC Memory Card,,Best Buy,$11.99
256GB SanDisk Extreme PLUS UHS-I SDXC or MicroSDXC Memory Card,,Amazon,$69.99
256GB SanDisk Extreme PLUS UHS-I SDXC or MicroSDXC Memory Card,,Newegg,$84.99
256GB SanDisk Extreme PLUS UHS-I SDXC or MicroSDXC Memory Card,,Amazon,"$1,097"
256GB SanDisk Extreme PLUS UHS-I SDXC or MicroSDXC Memory Card,,Adorama,$70
256GB SanDisk Extreme PLUS UHS-I SDXC or MicroSDXC Memory Card,,,$19.99
256GB SanDisk Extreme PLUS UHS-I SDXC or MicroSDXC Memory Card,,Dell Technologies,$130
256GB SanDisk Extreme PLUS UHS-I SDXC or MicroSDXC Memory Card,,Dell Technologies,$65
256GB SanDisk Extreme PLUS UHS-I SDXC or MicroSDXC Memory Card,,Target,$170
256GB SanDisk Extreme PLUS UHS-I SDXC or MicroSDXC Memory Card,,Newegg,$47
256GB SanDisk Extreme PLUS UHS-I SDXC or MicroSDXC Memory Card,,Best Buy,$99.99
256GB SanDisk Extreme PLUS UHS-I SDXC or MicroSDXC Memory Card,,B&H Photo Video,$399
256GB SanDisk Extreme PLUS UHS-I SDXC or MicroSDXC Memory Card,,Amazon,$9.99
256GB SanDisk Extreme PLUS UHS-I SDXC or MicroSDXC Memory Card,,Newegg,$49.99
256GB SanDisk Extreme PLUS UHS-I SDXC or MicroSDXC Memory Card,,Newegg,$190
256GB SanDisk Extreme PLUS UHS-I SDXC or MicroSDXC Memory Card,,Amazon,$899.99
256GB SanDisk Extreme PLUS UHS-I SDXC or MicroSDXC Memory Card,,,$169.99
"SAMSUNG 27” Odyssey G30A Gaming Computer Monitor, FHD LED Display, 144Hz, 1ms, FreeSync Premium, Adjustable, Borderless Design (LS27AG302NNXZA), Black $169.99 + Free Shipping",,Amazon,$169.99
"SAMSUNG 27” Odyssey G30A Gaming Computer Monitor, FHD LED Display, 144Hz, 1ms, FreeSync Premium, Adjustable, Borderless Design (LS27AG302NNXZA), Black $169.99 + Free Shipping",,Amazon,$166.59
"SAMSUNG 27” Odyssey G30A Gaming Computer Monitor, FHD LED Display, 144Hz, 1ms, FreeSync Premium, Adjustable, Borderless Design (LS27AG302NNXZA), Black $169.99 + Free Shipping",,Newegg,$249.99
"SAMSUNG 27” Odyssey G30A Gaming Computer Monitor, FHD LED Display, 144Hz, 1ms, FreeSync Premium, Adjustable, Borderless Design (LS27AG302NNXZA), Black $169.99 + Free Shipping",,Walmart,$139
"SAMSUNG 27” Odyssey G30A Gaming Computer Monitor, FHD LED Display, 144Hz, 1ms, FreeSync Premium, Adjustable, Borderless Design (LS27AG302NNXZA), Black $169.99 + Free Shipping",,Newegg,"$1,099"
"SAMSUNG 27” Odyssey G30A Gaming Computer Monitor, FHD LED Display, 144Hz, 1ms, FreeSync Premium, Adjustable, Borderless Design (LS27AG302NNXZA), Black $169.99 + Free Shipping",,,$249.99
"SAMSUNG 27” Odyssey G30A Gaming Computer Monitor, FHD LED Display, 144Hz, 1ms, FreeSync Premium, Adjustable, Borderless Design (LS27AG302NNXZA), Black $169.99 + Free Shipping",,Newegg,
"SAMSUNG 27” Odyssey G30A Gaming Computer Monitor, FHD LED Display, 144Hz, 1ms, FreeSync Premium, Adjustable, Borderless Design (LS27AG302NNXZA), Black $169.99 + Free Shipping",,eBay,"$1,799"
"SAMSUNG 27” Odyssey G30A Gaming Computer Monitor, FHD LED Display, 144Hz, 1ms, FreeSync Premium, Adjustable, Borderless Design (LS27AG302NNXZA), Black $169.99 + Free Shipping",,Amazon,$29.99
"SAMSUNG 27” Odyssey G30A Gaming Computer Monitor, FHD LED Display, 144Hz, 1ms, FreeSync Premium, Adjustable, Borderless Design (LS27AG302NNXZA), Black $169.99 + Free Shipping",,Micro Center,$999.99
"SAMSUNG 27” Odyssey G30A Gaming Computer Monitor, FHD LED Display, 144Hz, 1ms, FreeSync Premium, Adjustable, Borderless Design (LS27AG302NNXZA), Black $169.99 + Free Shipping",,,
"SAMSUNG 27” Odyssey G30A Gaming Computer Monitor, FHD LED Display, 144Hz, 1ms, FreeSync Premium, Adjustable, Borderless Design (LS27AG302NNXZA), Black $169.99 + Free Shipping",,Newegg,
"SAMSUNG 27” Odyssey G30A Gaming Computer Monitor, FHD LED Display, 144Hz, 1ms, FreeSync Premium, Adjustable, Borderless Design (LS27AG302NNXZA), Black $169.99 + Free Shipping",,Walmart,$999
"SAMSUNG 27” Odyssey G30A Gaming Computer Monitor, FHD LED Display, 144Hz, 1ms, FreeSync Premium, Adjustable, Borderless Design (LS27AG302NNXZA), Black $169.99 + Free Shipping",,Amazon,$48.99
"SAMSUNG 27” Odyssey G30A Gaming Computer Monitor, FHD LED Display, 144Hz, 1ms, FreeSync Premium, Adjustable, Borderless Design (LS27AG302NNXZA), Black $169.99 + Free Shipping",,Amazon,$44.99
"SAMSUNG 27” Odyssey G30A Gaming Computer Monitor, FHD LED Display, 144Hz, 1ms, FreeSync Premium, Adjustable, Borderless Design (LS27AG302NNXZA), Black $169.99 + Free Shipping",,Amazon,"$1,600"
"SAMSUNG 27” Odyssey G30A Gaming Computer Monitor, FHD LED Display, 144Hz, 1ms, FreeSync Premium, Adjustable, Borderless Design (LS27AG302NNXZA), Black $169.99 + Free Shipping",,Newegg,$799.99
"SAMSUNG 27” Odyssey G30A Gaming Computer Monitor, FHD LED Display, 144Hz, 1ms, FreeSync Premium, Adjustable, Borderless Design (LS27AG302NNXZA), Black $169.99 + Free Shipping",,,$526.15
"SAMSUNG 27” Odyssey G30A Gaming Computer Monitor, FHD LED Display, 144Hz, 1ms, FreeSync Premium, Adjustable, Borderless Design (LS27AG302NNXZA), Black $169.99 + Free Shipping",,,$50
"SAMSUNG 27” Odyssey G30A Gaming Computer Monitor, FHD LED Display, 144Hz, 1ms, FreeSync Premium, Adjustable, Borderless Design (LS27AG302NNXZA), Black $169.99 + Free Shipping",,HP,"$1,538.99"
"SAMSUNG 27” Odyssey G30A Gaming Computer Monitor, FHD LED Display, 144Hz, 1ms, FreeSync Premium, Adjustable, Borderless Design (LS27AG302NNXZA), Black $169.99 + Free Shipping",,Newegg,$16
"SAMSUNG 27” Odyssey G30A Gaming Computer Monitor, FHD LED Display, 144Hz, 1ms, FreeSync Premium, Adjustable, Borderless Design (LS27AG302NNXZA), Black $169.99 + Free Shipping",,Newegg,
"SAMSUNG 27” Odyssey G30A Gaming Computer Monitor, FHD LED Display, 144Hz, 1ms, FreeSync Premium, Adjustable, Borderless Design (LS27AG302NNXZA), Black $169.99 + Free Shipping",,Newegg,$99
"SAMSUNG 27” Odyssey G30A Gaming Computer Monitor, FHD LED Display, 144Hz, 1ms, FreeSync Premium, Adjustable, Borderless Design (LS27AG302NNXZA), Black $169.99 + Free Shipping",,Newegg,
"SAMSUNG 27” Odyssey G30A Gaming Computer Monitor, FHD LED Display, 144Hz, 1ms, FreeSync Premium, Adjustable, Borderless Design (LS27AG302NNXZA), Black $169.99 + Free Shipping",,Target,$77.99
"SAMSUNG 27” Odyssey G30A Gaming Computer Monitor, FHD LED Display, 144Hz, 1ms, FreeSync Premium, Adjustable, Borderless Design (LS27AG302NNXZA), Black $169.99 + Free Shipping",,Best Buy,$999.99
"SAMSUNG 27” Odyssey G30A Gaming Computer Monitor, FHD LED Display, 144Hz, 1ms, FreeSync Premium, Adjustable, Borderless Design (LS27AG302NNXZA), Black $169.99 + Free Shipping",,,$120
"SAMSUNG 27” Odyssey G30A Gaming Computer Monitor, FHD LED Display, 144Hz, 1ms, FreeSync Premium, Adjustable, Borderless Design (LS27AG302NNXZA), Black $169.99 + Free Shipping",,Newegg,$549.99
"MacBook Pro 13.3"" Laptop - Apple M2 chip $1299",,Best Buy,"$1,299"
"MacBook Pro 13.3"" Laptop - Apple M2 chip $1299",,B&H Photo Video,$23
"MacBook Pro 13.3"" Laptop - Apple M2 chip $1299",,B&H Photo Video,
"MacBook Pro 13.3"" Laptop - Apple M2 chip $1299",,Amazon,$159
"MacBook Pro 13.3"" Laptop - Apple M2 chip $1299",,Amazon,$7.25
"MacBook Pro 13.3"" Laptop - Apple M2 chip $1299",,Newegg,$99
"MacBook Pro 13.3"" Laptop - Apple M2 chip $1299",,Amazon,$399
"MacBook Pro 13.3"" Laptop - Apple M2 chip $1299",,,$230
"MacBook Pro 13.3"" Laptop - Apple M2 chip $1299",,,$198
"MacBook Pro 13.3"" Laptop - Apple M2 chip $1299",,,$399.99
"MacBook Pro 13.3"" Laptop - Apple M2 chip $1299",,Micro Center,$549.99
"MacBook Pro 13.3"" Laptop - Apple M2 chip $1299",,Amazon,$11.04
"MacBook Pro 13.3"" Laptop - Apple M2 chip $1299",,B&H Photo Video,$159.99
"MacBook Pro 13.3"" Laptop - Apple M2 chip $1299",,,$100
"MacBook Pro 13.3"" Laptop - Apple M2 chip $1299",,,"$1,055.45"
"MacBook Pro 13.3"" Laptop - Apple M2 chip $1299",,Amazon,$172.99
"MacBook Pro 13.3"" Laptop - Apple M2 chip $1299",,Amazon,$11.89
"MacBook Pro 13.3"" Laptop - Apple M2 chip $1299",,,$116
"MacBook Pro 13.3"" Laptop - Apple M2 chip $1299",,,$100
"MacBook Pro 13.3"" Laptop - Apple M2 chip $1299",,B&H Photo Video,$300
"MacBook Pro 13.3"" Laptop - Apple M2 chip $1299",,,$37.99
"MacBook Pro 13.3"" Laptop - Apple M2 chip $1299",,eBay,$179.99
"MacBook Pro 13.3"" Laptop - Apple M2 chip $1299",,,$19.99
"MacBook Pro 13.3"" Laptop - Apple M2 chip $1299",,Amazon,$8.50
"MacBook Pro 13.3"" Laptop - Apple M2 chip $1299",,Amazon,$349.99
"MacBook Pro 13.3"" Laptop - Apple M2 chip $1299",,,
"MacBook Pro 13.3"" Laptop - Apple M2 chip $1299",,Best Buy,"$1,699"
"MacBook Pro 13.3"" Laptop - Apple M2 chip $1299",,eBay,$110
"B&H Photo has Samsung 2TB T7 Shield Portable SSD (Beige) for $169 + Free Shipping, Includes a Free Samsung 128GB USB 3.2 Gen 1 Type-C Flash Drive",,B&H Photo Video,$169
"B&H Photo has Samsung 2TB T7 Shield Portable SSD (Beige) for $169 + Free Shipping, Includes a Free Samsung 128GB USB 3.2 Gen 1 Type-C Flash Drive",,,$499.99
"B&H Photo has Samsung 2TB T7 Shield Portable SSD (Beige) for $169 + Free Shipping, Includes a Free Samsung 128GB USB 3.2 Gen 1 Type-C Flash Drive",,Amazon,$399.99
"B&H Photo has Samsung 2TB T7 Shield Portable SSD (Beige) for $169 + Free Shipping, Includes a Free Samsung 128GB USB 3.2 Gen 1 Type-C Flash Drive",,Amazon,$17.99
"B&H Photo has Samsung 2TB T7 Shield Portable SSD (Beige) for $169 + Free Shipping, Includes a Free Samsung 128GB USB 3.2 Gen 1 Type-C Flash Drive",,B&H Photo Video,$43
"B&H Photo has Samsung 2TB T7 Shield Portable SSD (Beige) for $169 + Free Shipping, Includes a Free Samsung 128GB USB 3.2 Gen 1 Type-C Flash Drive",,,$319.99
"B&H Photo has Samsung 2TB T7 Shield Portable SSD (Beige) for $169 + Free Shipping, Includes a Free Samsung 128GB USB 3.2 Gen 1 Type-C Flash Drive",,Amazon,$850
"B&H Photo has Samsung 2TB T7 Shield Portable SSD (Beige) for $169 + Free Shipping, Includes a Free Samsung 128GB USB 3.2 Gen 1 Type-C Flash Drive",,Amazon,$79.99
"B&H Photo has Samsung 2TB T7 Shield Portable SSD (Beige) for $169 + Free Shipping, Includes a Free Samsung 128GB USB 3.2 Gen 1 Type-C Flash Drive",,,$179.25
"B&H Photo has Samsung 2TB T7 Shield Portable SSD (Beige) for $169 + Free Shipping, Includes a Free Samsung 128GB USB 3.2 Gen 1 Type-C Flash Drive",,Amazon,$52.35
"B&H Photo has Samsung 2TB T7 Shield Portable SSD (Beige) for $169 + Free Shipping, Includes a Free Samsung 128GB USB 3.2 Gen 1 Type-C Flash Drive",,Amazon,$1.99
"B&H Photo has Samsung 2TB T7 Shield Portable SSD (Beige) for $169 + Free Shipping, Includes a Free Samsung 128GB USB 3.2 Gen 1 Type-C Flash Drive",,Staples,$10
"B&H Photo has Samsung 2TB T7 Shield Portable SSD (Beige) for $169 + Free Shipping, Includes a Free Samsung 128GB USB 3.2 Gen 1 Type-C Flash Drive",,,$122
"B&H Photo has Samsung 2TB T7 Shield Portable SSD (Beige) for $169 + Free Shipping, Includes a Free Samsung 128GB USB 3.2 Gen 1 Type-C Flash Drive",,Amazon,$65
"B&H Photo has Samsung 2TB T7 Shield Portable SSD (Beige) for $169 + Free Shipping, Includes a Free Samsung 128GB USB 3.2 Gen 1 Type-C Flash Drive",,Best Buy,$700
"B&H Photo has Samsung 2TB T7 Shield Portable SSD (Beige) for $169 + Free Shipping, Includes a Free Samsung 128GB USB 3.2 Gen 1 Type-C Flash Drive",,Amazon,$95
"B&H Photo has Samsung 2TB T7 Shield Portable SSD (Beige) for $169 + Free Shipping, Includes a Free Samsung 128GB USB 3.2 Gen 1 Type-C Flash Drive",,Newegg,$199.99
"B&H Photo has Samsung 2TB T7 Shield Portable SSD (Beige) for $169 + Free Shipping, Includes a Free Samsung 128GB USB 3.2 Gen 1 Type-C Flash Drive",,,$129
"B&H Photo has Samsung 2TB T7 Shield Portable SSD (Beige) for $169 + Free Shipping, Includes a Free Samsung 128GB USB 3.2 Gen 1 Type-C Flash Drive",,,$99.99
"B&H Photo has Samsung 2TB T7 Shield Portable SSD (Beige) for $169 + Free Shipping, Includes a Free Samsung 128GB USB 3.2 Gen 1 Type-C Flash Drive",,Amazon,"$1,499"
"B&H Photo has Samsung 2TB T7 Shield Portable SSD (Beige) for $169 + Free Shipping, Includes a Free Samsung 128GB USB 3.2 Gen 1 Type-C Flash Drive",,,$214
"B&H Photo has Samsung 2TB T7 Shield Portable SSD (Beige) for $169 + Free Shipping, Includes a Free Samsung 128GB USB 3.2 Gen 1 Type-C Flash Drive",,Newegg,$170
"B&H Photo has Samsung 2TB T7 Shield Portable SSD (Beige) for $169 + Free Shipping, Includes a Free Samsung 128GB USB 3.2 Gen 1 Type-C Flash Drive",,Amazon,$90
"B&H Photo has Samsung 2TB T7 Shield Portable SSD (Beige) for $169 + Free Shipping, Includes a Free Samsung 128GB USB 3.2 Gen 1 Type-C Flash Drive",,Micro Center,$249.99
"B&H Photo has Samsung 2TB T7 Shield Portable SSD (Beige) for $169 + Free Shipping, Includes a Free Samsung 128GB USB 3.2 Gen 1 Type-C Flash Drive",,Newegg,$190
"B&H Photo has Samsung 2TB T7 Shield Portable SSD (Beige) for $169 + Free Shipping, Includes a Free Samsung 128GB USB 3.2 Gen 1 Type-C Flash Drive",,Amazon,$60
"B&H Photo has Samsung 2TB T7 Shield Portable SSD (Beige) for $169 + Free Shipping, Includes a Free Samsung 128GB USB 3.2 Gen 1 Type-C Flash Drive",,Newegg,$260
"B&H Photo has Samsung 2TB T7 Shield Portable SSD (Beige) for $169 + Free Shipping, Includes a Free Samsung 128GB USB 3.2 Gen 1 Type-C Flash Drive",,Walmart,$22.99
"Lenovo Legion 5 (Cert Refurb): 17.3"" FHD IPS 144Hz, Ryzen 7 5800H, RTX 3060, 16GB DDR4, 1TB SSD $949",,eBay,$949
"Lenovo Legion 5 (Cert Refurb): 17.3"" FHD IPS 144Hz, Ryzen 7 5800H, RTX 3060, 16GB DDR4, 1TB SSD $949",,Amazon,$90
"Lenovo Legion 5 (Cert Refurb): 17.3"" FHD IPS 144Hz, Ryzen 7 5800H, RTX 3060, 16GB DDR4, 1TB SSD $949",,Amazon,$19.99
"Lenovo Legion 5 (Cert Refurb): 17.3"" FHD IPS 144Hz, Ryzen 7 5800H, RTX 3060, 16GB DDR4, 1TB SSD $949",,Newegg,$51.99
"Lenovo Legion 5 (Cert Refurb): 17.3"" FHD IPS 144Hz, Ryzen 7 5800H, RTX 3060, 16GB DDR4, 1TB SSD $949",,,$679
"Lenovo Legion 5 (Cert Refurb): 17.3"" FHD IPS 144Hz, Ryzen 7 5800H, RTX 3060, 16GB DDR4, 1TB SSD $949",,Staples,$429.99
"Lenovo Legion 5 (Cert Refurb): 17.3"" FHD IPS 144Hz, Ryzen 7 5800H, RTX 3060, 16GB DDR4, 1TB SSD $949",,Target,$249.99
"Lenovo Legion 5 (Cert Refurb): 17.3"" FHD IPS 144Hz, Ryzen 7 5800H, RTX 3060, 16GB DDR4, 1TB SSD $949",,eBay,$788
"Lenovo Legion 5 (Cert Refurb): 17.3"" FHD IPS 144Hz, Ryzen 7 5800H, RTX 3060, 16GB DDR4, 1TB SSD $949",,Amazon,$17.99
"Lenovo Legion 5 (Cert Refurb): 17.3"" FHD IPS 144Hz, Ryzen 7 5800H, RTX 3060, 16GB DDR4, 1TB SSD $949",,Amazon,$138.50
"Lenovo Legion 5 (Cert Refurb): 17.3"" FHD IPS 144Hz, Ryzen 7 5800H, RTX 3060, 16GB DDR4, 1TB SSD $949",,,$129.99
"Lenovo Legion 5 (Cert Refurb): 17.3"" FHD IPS 144Hz, Ryzen 7 5800H, RTX 3060, 16GB DDR4, 1TB SSD $949",,Amazon,$1.85
"Lenovo Legion 5 (Cert Refurb): 17.3"" FHD IPS 144Hz, Ryzen 7 5800H, RTX 3060, 16GB DDR4, 1TB SSD $949",,eBay,$599
"Lenovo Legion 5 (Cert Refurb): 17.3"" FHD IPS 144Hz, Ryzen 7 5800H, RTX 3060, 16GB DDR4, 1TB SSD $949",,Amazon,$30
"Lenovo Legion 5 (Cert Refurb): 17.3"" FHD IPS 144Hz, Ryzen 7 5800H, RTX 3060, 16GB DDR4, 1TB SSD $949",,Best Buy,$1300
"Lenovo Legion 5 (Cert Refurb): 17.3"" FHD IPS 144Hz, Ryzen 7 5800H, RTX 3060, 16GB DDR4, 1TB SSD $949",,eBay,"$1,150"
"Lenovo Legion 5 (Cert Refurb): 17.3"" FHD IPS 144Hz, Ryzen 7 5800H, RTX 3060, 16GB DDR4, 1TB SSD $949",,Walmart,$99
"Lenovo Legion 5 (Cert Refurb): 17.3"" FHD IPS 144Hz, Ryzen 7 5800H, RTX 3060, 16GB DDR4, 1TB SSD $949",,Amazon,$149.99
"Lenovo Legion 5 (Cert Refurb): 17.3"" FHD IPS 144Hz, Ryzen 7 5800H, RTX 3060, 16GB DDR4, 1TB SSD $949",,Amazon,$12.99
"Lenovo Legion 5 (Cert Refurb): 17.3"" FHD IPS 144Hz, Ryzen 7 5800H, RTX 3060, 16GB DDR4, 1TB SSD $949",,eBay,$16
"Lenovo Legion 5 (Cert Refurb): 17.3"" FHD IPS 144Hz, Ryzen 7 5800H, RTX 3060, 16GB DDR4, 1TB SSD $949",,eBay,$439.99
"Lenovo Legion 5 (Cert Refurb): 17.3"" FHD IPS 144Hz, Ryzen 7 5800H, RTX 3060, 16GB DDR4, 1TB SSD $949",,,$139.99
"Lenovo Legion 5 (Cert Refurb): 17.3"" FHD IPS 144Hz, Ryzen 7 5800H, RTX 3060, 16GB DDR4, 1TB SSD $949",,eBay,$17.99
"Lenovo Legion 5 (Cert Refurb): 17.3"" FHD IPS 144Hz, Ryzen 7 5800H, RTX 3060, 16GB DDR4, 1TB SSD $949",,,
"Lenovo Legion 5 (Cert Refurb): 17.3"" FHD IPS 144Hz, Ryzen 7 5800H, RTX 3060, 16GB DDR4, 1TB SSD $949",,Newegg,$269.99
"Lenovo Legion 5 (Cert Refurb): 17.3"" FHD IPS 144Hz, Ryzen 7 5800H, RTX 3060, 16GB DDR4, 1TB SSD $949",,,$52.24
"Lenovo Legion 5 (Cert Refurb): 17.3"" FHD IPS 144Hz, Ryzen 7 5800H, RTX 3060, 16GB DDR4, 1TB SSD $949",,Costco Wholesale,$499.99
"Lenovo Legion 5 (Cert Refurb): 17.3"" FHD IPS 144Hz, Ryzen 7 5800H, RTX 3060, 16GB DDR4, 1TB SSD $949",,Sam's Club,$199
32GB (2 x 16GB) G.SKILL Trident Z5 RGB Series 288-Pin PC RAM DDR5 6400 Desktop Memory Model F5-6400J3239G16GX2-TZ5RS,,Newegg,$219.99
32GB (2 x 16GB) G.SKILL Trident Z5 RGB Series 288-Pin PC RAM DDR5 6400 Desktop Memory Model F5-6400J3239G16GX2-TZ5RS,,Amazon,$45.99
32GB (2 x 16GB) G.SKILL Trident Z5 RGB Series 288-Pin PC RAM DDR5 6400 Desktop Memory Model F5-6400J3239G16GX2-TZ5RS,,Amazon,$29.89
32GB (2 x 16GB) G.SKILL Trident Z5 RGB Series 288-Pin PC RAM DDR5 6400 Desktop Memory Model F5-6400J3239G16GX2-TZ5RS,,,$20
32GB (2 x 16GB) G.SKILL Trident Z5 RGB Series 288-Pin PC RAM DDR5 6400 Desktop Memory Model F5-6400J3239G16GX2-TZ5RS,,Amazon,$99.99
32GB (2 x 16GB) G.SKILL Trident Z5 RGB Series 288-Pin PC RAM DDR5 6400 Desktop Memory Model F5-6400J3239G16GX2-TZ5RS,,Newegg,$119
32GB (2 x 16GB) G.SKILL Trident Z5 RGB Series 288-Pin PC RAM DDR5 6400 Desktop Memory Model F5-6400J3239G16GX2-TZ5RS,,,"$1,295.99"
32GB (2 x 16GB) G.SKILL Trident Z5 RGB Series 288-Pin PC RAM DDR5 6400 Desktop Memory Model F5-6400J3239G16GX2-TZ5RS,,,$510
32GB (2 x 16GB) G.SKILL Trident Z5 RGB Series 288-Pin PC RAM DDR5 6400 Desktop Memory Model F5-6400J3239G16GX2-TZ5RS,,Micro Center,$5
32GB (2 x 16GB) G.SKILL Trident Z5 RGB Series 288-Pin PC RAM DDR5 6400 Desktop Memory Model F5-6400J3239G16GX2-TZ5RS,,Newegg,$298
32GB (2 x 16GB) G.SKILL Trident Z5 RGB Series 288-Pin PC RAM DDR5 6400 Desktop Memory Model F5-6400J3239G16GX2-TZ5RS,,Newegg,
32GB (2 x 16GB) G.SKILL Trident Z5 RGB Series 288-Pin PC RAM DDR5 6400 Desktop Memory Model F5-6400J3239G16GX2-TZ5RS,,Amazon,$11.20
32GB (2 x 16GB) G.SKILL Trident Z5 RGB Series 288-Pin PC RAM DDR5 6400 Desktop Memory Model F5-6400J3239G16GX2-TZ5RS,,Amazon,$49.99
32GB (2 x 16GB) G.SKILL Trident Z5 RGB Series 288-Pin PC RAM DDR5 6400 Desktop Memory Model F5-6400J3239G16GX2-TZ5RS,,Amazon,
32GB (2 x 16GB) G.SKILL Trident Z5 RGB Series 288-Pin PC RAM DDR5 6400 Desktop Memory Model F5-6400J3239G16GX2-TZ5RS,,,$90
32GB (2 x 16GB) G.SKILL Trident Z5 RGB Series 288-Pin PC RAM DDR5 6400 Desktop Memory Model F5-6400J3239G16GX2-TZ5RS,,Best Buy,$249.99
32GB (2 x 16GB) G.SKILL Trident Z5 RGB Series 288-Pin PC RAM DDR5 6400 Desktop Memory Model F5-6400J3239G16GX2-TZ5RS,,Amazon,$80.98
32GB (2 x 16GB) G.SKILL Trident Z5 RGB Series 288-Pin PC RAM DDR5 6400 Desktop Memory Model F5-6400J3239G16GX2-TZ5RS,,Walmart,$549
32GB (2 x 16GB) G.SKILL Trident Z5 RGB Series 288-Pin PC RAM DDR5 6400 Desktop Memory Model F5-6400J3239G16GX2-TZ5RS,,,"$1,029.10"
32GB (2 x 16GB) G.SKILL Trident Z5 RGB Series 288-Pin PC RAM DDR5 6400 Desktop Memory Model F5-6400J3239G16GX2-TZ5RS,,Micro Center,$355
32GB (2 x 16GB) G.SKILL Trident Z5 RGB Series 288-Pin PC RAM DDR5 6400 Desktop Memory Model F5-6400J3239G16GX2-TZ5RS,,,"$1,599.99"
32GB (2 x 16GB) G.SKILL Trident Z5 RGB Series 288-Pin PC RAM DDR5 6400 Desktop Memory Model F5-6400J3239G16GX2-TZ5RS,,Target,
32GB (2 x 16GB) G.SKILL Trident Z5 RGB Series 288-Pin PC RAM DDR5 6400 Desktop Memory Model F5-6400J3239G16GX2-TZ5RS,,,$489.99
32GB (2 x 16GB) G.SKILL Trident Z5 RGB Series 288-Pin PC RAM DDR5 6400 Desktop Memory Model F5-6400J3239G16GX2-TZ5RS,,Walmart,$179
32GB (2 x 16GB) G.SKILL Trident Z5 RGB Series 288-Pin PC RAM DDR5 6400 Desktop Memory Model F5-6400J3239G16GX2-TZ5RS,,Amazon,$250.80
32GB (2 x 16GB) G.SKILL Trident Z5 RGB Series 288-Pin PC RAM DDR5 6400 Desktop Memory Model F5-6400J3239G16GX2-TZ5RS,,Best Buy,$599.99
32GB (2 x 16GB) G.SKILL Trident Z5 RGB Series 288-Pin PC RAM DDR5 6400 Desktop Memory Model F5-6400J3239G16GX2-TZ5RS,,Costco Wholesale,$399.99
32GB (2 x 16GB) G.SKILL Trident Z5 RGB Series 288-Pin PC RAM DDR5 6400 Desktop Memory Model F5-6400J3239G16GX2-TZ5RS,,Best Buy,$249.99
"10.36 inch Android Tablet, TCL TABMAX 10.4, 6GB + 256GB (up to 512GB), 8000mAh for $174.99",,Amazon,$174.99
"10.36 inch Android Tablet, TCL TABMAX 10.4, 6GB + 256GB (up to 512GB), 8000mAh for $174.99",,Amazon,$53
"10.36 inch Android Tablet, TCL TABMAX 10.4, 6GB + 256GB (up to 512GB), 8000mAh for $174.99",,,"$1,242"
"10.36 inch Android Tablet, TCL TABMAX 10.4, 6GB + 256GB (up to 512GB), 8000mAh for $174.99",,,"$1,999"
"10.36 inch Android Tablet, TCL TABMAX 10.4, 6GB + 256GB (up to 512GB), 8000mAh for $174.99",,Best Buy,$129.99
"10.36 inch Android Tablet, TCL TABMAX 10.4, 6GB + 256GB (up to 512GB), 8000mAh for $174.99",,,$594.99
"10.36 inch Android Tablet, TCL TABMAX 10.4, 6GB + 256GB (up to 512GB), 8000mAh for $174.99",,,$9.99
"10.36 inch Android Tablet, TCL TABMAX 10.4, 6GB + 256GB (up to 512GB), 8000mAh for $174.99",,Micro Center,$149.99
"10.36 inch Android Tablet, TCL TABMAX 10.4, 6GB + 256GB (up to 512GB), 8000mAh for $174.99",,,$954.99
"10.36 inch Android Tablet, TCL TABMAX 10.4, 6GB + 256GB (up to 512GB), 8000mAh for $174.99",,,$280
"10.36 inch Android Tablet, TCL TABMAX 10.4, 6GB + 256GB (up to 512GB), 8000mAh for $174.99",,Costco Wholesale,$699.99
"10.36 inch Android Tablet, TCL TABMAX 10.4, 6GB + 256GB (up to 512GB), 8000mAh for $174.99",,Newegg,$849.99
"10.36 inch Android Tablet, TCL TABMAX 10.4, 6GB + 256GB (up to 512GB), 8000mAh for $174.99",,Acer,$379.99
"10.36 inch Android Tablet, TCL TABMAX 10.4, 6GB + 256GB (up to 512GB), 8000mAh for $174.99",,,$255
"10.36 inch Android Tablet, TCL TABMAX 10.4, 6GB + 256GB (up to 512GB), 8000mAh for $174.99",,Adorama,$199.99
"10.36 inch Android Tablet, TCL TABMAX 10.4, 6GB + 256GB (up to 512GB), 8000mAh for $174.99",,Newegg,$599.99
"10.36 inch Android Tablet, TCL TABMAX 10.4, 6GB + 256GB (up to 512GB), 8000mAh for $174.99",,Amazon,$24.99
"10.36 inch Android Tablet, TCL TABMAX 10.4, 6GB + 256GB (up to 512GB), 8000mAh for $174.99",,Acer,"$1,784.99"
"10.36 inch Android Tablet, TCL TABMAX 10.4, 6GB + 256GB (up to 512GB), 8000mAh for $174.99",,Amazon,$6.59
"10.36 inch Android Tablet, TCL TABMAX 10.4, 6GB + 256GB (up to 512GB), 8000mAh for $174.99",,Amazon,$13.89
"10.36 inch Android Tablet, TCL TABMAX 10.4, 6GB + 256GB (up to 512GB), 8000mAh for $174.99",,Amazon,$19.99
"10.36 inch Android Tablet, TCL TABMAX 10.4, 6GB + 256GB (up to 512GB), 8000mAh for $174.99",,Micro Center,$500
"10.36 inch Android Tablet, TCL TABMAX 10.4, 6GB + 256GB (up to 512GB), 8000mAh for $174.99",,Amazon,$9.09
"10.36 inch Android Tablet, TCL TABMAX 10.4, 6GB + 256GB (up to 512GB), 8000mAh for $174.99",,Walmart,$199
"10.36 inch Android Tablet, TCL TABMAX 10.4, 6GB + 256GB (up to 512GB), 8000mAh for $174.99",,Costco Wholesale,$499.99
"10.36 inch Android Tablet, TCL TABMAX 10.4, 6GB + 256GB (up to 512GB), 8000mAh for $174.99",,Amazon,$499.99
"10.36 inch Android Tablet, TCL TABMAX 10.4, 6GB + 256GB (up to 512GB), 8000mAh for $174.99",,Amazon,$25.85
"10.36 inch Android Tablet, TCL TABMAX 10.4, 6GB + 256GB (up to 512GB), 8000mAh for $174.99",,Micro Center,"$1,599.99"
Amazon Basics Computer Speakers USB-Powered with Dynamic Sound (Silver) $8.97 + Free Shipping w/ Prime or on $25+,,Amazon,$8.97
Amazon Basics Computer Speakers USB-Powered with Dynamic Sound (Silver) $8.97 + Free Shipping w/ Prime or on $25+,,eBay,$399
Amazon Basics Computer Speakers USB-Powered with Dynamic Sound (Silver) $8.97 + Free Shipping w/ Prime or on $25+,,,$481
Amazon Basics Computer Speakers USB-Powered with Dynamic Sound (Silver) $8.97 + Free Shipping w/ Prime or on $25+,,Amazon,$150
Amazon Basics Computer Speakers USB-Powered with Dynamic Sound (Silver) $8.97 + Free Shipping w/ Prime or on $25+,,Amazon,$599.99
Amazon Basics Computer Speakers USB-Powered with Dynamic Sound (Silver) $8.97 + Free Shipping w/ Prime or on $25+,,Amazon,$30
Amazon Basics Computer Speakers USB-Powered with Dynamic Sound (Silver) $8.97 + Free Shipping w/ Prime or on $25+,,,$799.99
Amazon Basics Computer Speakers USB-Powered with Dynamic Sound (Silver) $8.97 + Free Shipping w/ Prime or on $25+,,Amazon,$299.99
Amazon Basics Computer Speakers USB-Powered with Dynamic Sound (Silver) $8.97 + Free Shipping w/ Prime or on $25+,,Newegg,$85
Amazon Basics Computer Speakers USB-Powered with Dynamic Sound (Silver) $8.97 + Free Shipping w/ Prime or on $25+,,,$465
Amazon Basics Computer Speakers USB-Powered with Dynamic Sound (Silver) $8.97 + Free Shipping w/ Prime or on $25+,,Amazon,$479.99
Amazon Basics Computer Speakers USB-Powered with Dynamic Sound (Silver) $8.97 + Free Shipping w/ Prime or on $25+,,Amazon,$529.99
Amazon Basics Computer Speakers USB-Powered with Dynamic Sound (Silver) $8.97 + Free Shipping w/ Prime or on $25+,,Micro Center,
Amazon Basics Computer Speakers USB-Powered with Dynamic Sound (Silver) $8.97 + Free Shipping w/ Prime or on $25+,,,$75.60
Amazon Basics Computer Speakers USB-Powered with Dynamic Sound (Silver) $8.97 + Free Shipping w/ Prime or on $25+,,Newegg,$219
Amazon Basics Computer Speakers USB-Powered with Dynamic Sound (Silver) $8.97 + Free Shipping w/ Prime or on $25+,,,
Amazon Basics Computer Speakers USB-Powered with Dynamic Sound (Silver) $8.97 + Free Shipping w/ Prime or on $25+,,Micro Center,$299.99
Amazon Basics Computer Speakers USB-Powered with Dynamic Sound (Silver) $8.97 + Free Shipping w/ Prime or on $25+,,Amazon,$15.94
Amazon Basics Computer Speakers USB-Powered with Dynamic Sound (Silver) $8.97 + Free Shipping w/ Prime or on $25+,,Sam's Club,$110
Amazon Basics Computer Speakers USB-Powered with Dynamic Sound (Silver) $8.97 + Free Shipping w/ Prime or on $25+,,,$59.99
Amazon Basics Computer Speakers USB-Powered with Dynamic Sound (Silver) $8.97 + Free Shipping w/ Prime or on $25+,,Amazon,$19.99
Amazon Basics Computer Speakers USB-Powered with Dynamic Sound (Silver) $8.97 + Free Shipping w/ Prime or on $25+,,Office Depot and OfficeMax,$289.99
Amazon Basics Computer Speakers USB-Powered with Dynamic Sound (Silver) $8.97 + Free Shipping w/ Prime or on $25+,,,$1090.50
Amazon Basics Computer Speakers USB-Powered with Dynamic Sound (Silver) $8.97 + Free Shipping w/ Prime or on $25+,,Newegg,$136
Amazon Basics Computer Speakers USB-Powered with Dynamic Sound (Silver) $8.97 + Free Shipping w/ Prime or on $25+,,Amazon,$66
Amazon Basics Computer Speakers USB-Powered with Dynamic Sound (Silver) $8.97 + Free Shipping w/ Prime or on $25+,,Amazon,"$2,496.99"
Amazon Basics Computer Speakers USB-Powered with Dynamic Sound (Silver) $8.97 + Free Shipping w/ Prime or on $25+,,,
Amazon Basics Computer Speakers USB-Powered with Dynamic Sound (Silver) $8.97 + Free Shipping w/ Prime or on $25+,,Amazon,$186.25
AMD Ryzen 7 5800X Vermeer 3.8GHz 8-Core AM4 Boxed Processor,,,$175
AMD Ryzen 7 5800X Vermeer 3.8GHz 8-Core AM4 Boxed Processor,,,$999
AMD Ryzen 7 5800X Vermeer 3.8GHz 8-Core AM4 Boxed Processor,,Amazon,$139.40
AMD Ryzen 7 5800X Vermeer 3.8GHz 8-Core AM4 Boxed Processor,,Micro Center,$130
AMD Ryzen 7 5800X Vermeer 3.8GHz 8-Core AM4 Boxed Processor,,Best Buy,"$1,000"
AMD Ryzen 7 5800X Vermeer 3.8GHz 8-Core AM4 Boxed Processor,,,$149.99
AMD Ryzen 7 5800X Vermeer 3.8GHz 8-Core AM4 Boxed Processor,,Adorama,$179
AMD Ryzen 7 5800X Vermeer 3.8GHz 8-Core AM4 Boxed Processor,,Dell Technologies,"$1,299"
AMD Ryzen 7 5800X Vermeer 3.8GHz 8-Core AM4 Boxed Processor,,Newegg,$29
AMD Ryzen 7 5800X Vermeer 3.8GHz 8-Core AM4 Boxed Processor,,Newegg,"$1,149"
AMD Ryzen 7 5800X Vermeer 3.8GHz 8-Core AM4 Boxed Processor,,,$449.99
AMD Ryzen 7 5800X Vermeer 3.8GHz 8-Core AM4 Boxed Processor,,,$139.99
AMD Ryzen 7 5800X Vermeer 3.8GHz 8-Core AM4 Boxed Processor,,Best Buy,$349.99
AMD Ryzen 7 5800X Vermeer 3.8GHz 8-Core AM4 Boxed Processor,,Micro Center,$189.99
AMD Ryzen 7 5800X Vermeer 3.8GHz 8-Core AM4 Boxed Processor,,Costco Wholesale,$350
AMD Ryzen 7 5800X Vermeer 3.8GHz 8-Core AM4 Boxed Processor,,GameStop,$38.98
AMD Ryzen 7 5800X Vermeer 3.8GHz 8-Core AM4 Boxed Processor,,Kohl's,$55
AMD Ryzen 7 5800X Vermeer 3.8GHz 8-Core AM4 Boxed Processor,,Amazon,$18.99
AMD Ryzen 7 5800X Vermeer 3.8GHz 8-Core AM4 Boxed Processor,,Amazon,$89.99
AMD Ryzen 7 5800X Vermeer 3.8GHz 8-Core AM4 Boxed Processor,,Amazon,$30
AMD Ryzen 7 5800X Vermeer 3.8GHz 8-Core AM4 Boxed Processor,,Newegg,$259.99
AMD Ryzen 7 5800X Vermeer 3.8GHz 8-Core AM4 Boxed Processor,,Newegg,$48
AMD Ryzen 7 5800X Vermeer 3.8GHz 8-Core AM4 Boxed Processor,,Amazon,
AMD Ryzen 7 5800X Vermeer 3.8GHz 8-Core AM4 Boxed Processor,,Amazon,from $25
AMD Ryzen 7 5800X Vermeer 3.8GHz 8-Core AM4 Boxed Processor,,eBay,$288
AMD Ryzen 7 5800X Vermeer 3.8GHz 8-Core AM4 Boxed Processor,,Walmart,$99
AMD Ryzen 7 5800X Vermeer 3.8GHz 8-Core AM4 Boxed Processor,,Amazon,$749
AMD Ryzen 7 5800X Vermeer 3.8GHz 8-Core AM4 Boxed Processor,,Best Buy,"$1,999.99"
"MSI THIN GF63: 15.6"" IPS 144Hz, i5-12450H, Intel Arc A370M, 8GB DDR4, 512GB SSD $749",,Newegg,$749
"MSI THIN GF63: 15.6"" IPS 144Hz, i5-12450H, Intel Arc A370M, 8GB DDR4, 512GB SSD $749",,,$80
"MSI THIN GF63: 15.6"" IPS 144Hz, i5-12450H, Intel Arc A370M, 8GB DDR4, 512GB SSD $749",,,$297
"MSI THIN GF63: 15.6"" IPS 144Hz, i5-12450H, Intel Arc A370M, 8GB DDR4, 512GB SSD $749",,,"$1,999.99"
"MSI THIN GF63: 15.6"" IPS 144Hz, i5-12450H, Intel Arc A370M, 8GB DDR4, 512GB SSD $749",,Amazon,$464.99
"MSI THIN GF63: 15.6"" IPS 144Hz, i5-12450H, Intel Arc A370M, 8GB DDR4, 512GB SSD $749",,Adorama,$510
"MSI THIN GF63: 15.6"" IPS 144Hz, i5-12450H, Intel Arc A370M, 8GB DDR4, 512GB SSD $749",,,$17
"MSI THIN GF63: 15.6"" IPS 144Hz, i5-12450H, Intel Arc A370M, 8GB DDR4, 512GB SSD $749",,Dell Technologies,$150
"MSI THIN GF63: 15.6"" IPS 144Hz, i5-12450H, Intel Arc A370M, 8GB DDR4, 512GB SSD $749",,Amazon,$229.99
"MSI THIN GF63: 15.6"" IPS 144Hz, i5-12450H, Intel Arc A370M, 8GB DDR4, 512GB SSD $749",,Amazon,$217
"MSI THIN GF63: 15.6"" IPS 144Hz, i5-12450H, Intel Arc A370M, 8GB DDR4, 512GB SSD $749",,Best Buy,$369.99
"MSI THIN GF63: 15.6"" IPS 144Hz, i5-12450H, Intel Arc A370M, 8GB DDR4, 512GB SSD $749",,,$799.99
"MSI THIN GF63: 15.6"" IPS 144Hz, i5-12450H, Intel Arc A370M, 8GB DDR4, 512GB SSD $749",,Newegg,"$1,100"
"MSI THIN GF63: 15.6"" IPS 144Hz, i5-12450H, Intel Arc A370M, 8GB DDR4, 512GB SSD $749",,Newegg,$225
"MSI THIN GF63: 15.6"" IPS 144Hz, i5-12450H, Intel Arc A370M, 8GB DDR4, 512GB SSD $749",,Sam's Club,$949
"MSI THIN GF63: 15.6"" IPS 144Hz, i5-12450H, Intel Arc A370M, 8GB DDR4, 512GB SSD $749",,,$599
"MSI THIN GF63: 15.6"" IPS 144Hz, i5-12450H, Intel Arc A370M, 8GB DDR4, 512GB SSD $749",,Amazon,$109
"MSI THIN GF63: 15.6"" IPS 144Hz, i5-12450H, Intel Arc A370M, 8GB DDR4, 512GB SSD $749",,Newegg,$350
"MSI THIN GF63: 15.6"" IPS 144Hz, i5-12450H, Intel Arc A370M, 8GB DDR4, 512GB SSD $749",,,
"MSI THIN GF63: 15.6"" IPS 144Hz, i5-12450H, Intel Arc A370M, 8GB DDR4, 512GB SSD $749",,,$679
"MSI THIN GF63: 15.6"" IPS 144Hz, i5-12450H, Intel Arc A370M, 8GB DDR4, 512GB SSD $749",,Amazon,$100
"MSI THIN GF63: 15.6"" IPS 144Hz, i5-12450H, Intel Arc A370M, 8GB DDR4, 512GB SSD $749",,Newegg,$46.99
"MSI THIN GF63: 15.6"" IPS 144Hz, i5-12450H, Intel Arc A370M, 8GB DDR4, 512GB SSD $749",,Walmart,$200
"MSI THIN GF63: 15.6"" IPS 144Hz, i5-12450H, Intel Arc A370M, 8GB DDR4, 512GB SSD $749",,,$349.99
"MSI THIN GF63: 15.6"" IPS 144Hz, i5-12450H, Intel Arc A370M, 8GB DDR4, 512GB SSD $749",,Walmart,$159
"MSI THIN GF63: 15.6"" IPS 144Hz, i5-12450H, Intel Arc A370M, 8GB DDR4, 512GB SSD $749",,Micro Center,$119.99
"MSI THIN GF63: 15.6"" IPS 144Hz, i5-12450H, Intel Arc A370M, 8GB DDR4, 512GB SSD $749",,Micro Center,$350
"MSI THIN GF63: 15.6"" IPS 144Hz, i5-12450H, Intel Arc A370M, 8GB DDR4, 512GB SSD $749",,Walmart,$54.99
MSI MAG Z490 TOMAHAWK LGA 1200 SATA 6Gb/s ATX Intel Motherboard $90 + Free Shipping,,Newegg,$90
MSI MAG Z490 TOMAHAWK LGA 1200 SATA 6Gb/s ATX Intel Motherboard $90 + Free Shipping,,Amazon,$64.99
MSI MAG Z490 TOMAHAWK LGA 1200 SATA 6Gb/s ATX Intel Motherboard $90 + Free Shipping,,Amazon,$20
MSI MAG Z490 TOMAHAWK LGA 1200 SATA 6Gb/s ATX Intel Motherboard $90 + Free Shipping,,Newegg,$524
MSI MAG Z490 TOMAHAWK LGA 1200 SATA 6Gb/s ATX Intel Motherboard $90 + Free Shipping,,,$849.99
MSI MAG Z490 TOMAHAWK LGA 1200 SATA 6Gb/s ATX Intel Motherboard $90 + Free Shipping,,Newegg,$139.99
MSI MAG Z490 TOMAHAWK LGA 1200 SATA 6Gb/s ATX Intel Motherboard $90 + Free Shipping,,,$149.99
MSI MAG Z490 TOMAHAWK LGA 1200 SATA 6Gb/s ATX Intel Motherboard $90 + Free Shipping,,Amazon,$740
MSI MAG Z490 TOMAHAWK LGA 1200 SATA 6Gb/s ATX Intel Motherboard $90 + Free Shipping,,Amazon,$279.99
MSI MAG Z490 TOMAHAWK LGA 1200 SATA 6Gb/s ATX Intel Motherboard $90 + Free Shipping,,Amazon,$78.79
MSI MAG Z490 TOMAHAWK LGA 1200 SATA 6Gb/s ATX Intel Motherboard $90 + Free Shipping,,Amazon,$47.50
MSI MAG Z490 TOMAHAWK LGA 1200 SATA 6Gb/s ATX Intel Motherboard $90 + Free Shipping,,Best Buy,$249.99
MSI MAG Z490 TOMAHAWK LGA 1200 SATA 6Gb/s ATX Intel Motherboard $90 + Free Shipping,,Newegg,$264.99
MSI MAG Z490 TOMAHAWK LGA 1200 SATA 6Gb/s ATX Intel Motherboard $90 + Free Shipping,,Amazon,$43.08
MSI MAG Z490 TOMAHAWK LGA 1200 SATA 6Gb/s ATX Intel Motherboard $90 + Free Shipping,,Walmart,$79
MSI MAG Z490 TOMAHAWK LGA 1200 SATA 6Gb/s ATX Intel Motherboard $90 + Free Shipping,,eBay,$528.99
MSI MAG Z490 TOMAHAWK LGA 1200 SATA 6Gb/s ATX Intel Motherboard $90 + Free Shipping,,Newegg,$484.99
MSI MAG Z490 TOMAHAWK LGA 1200 SATA 6Gb/s ATX Intel Motherboard $90 + Free Shipping,,,$194
MSI MAG Z490 TOMAHAWK LGA 1200 SATA 6Gb/s ATX Intel Motherboard $90 + Free Shipping,,B&H Photo Video,$170
MSI MAG Z490 TOMAHAWK LGA 1200 SATA 6Gb/s ATX Intel Motherboard $90 + Free Shipping,,Amazon,$849.99
MSI MAG Z490 TOMAHAWK LGA 1200 SATA 6Gb/s ATX Intel Motherboard $90 + Free Shipping,,Amazon,$29
MSI MAG Z490 TOMAHAWK LGA 1200 SATA 6Gb/s ATX Intel Motherboard $90 + Free Shipping,,Newegg,$39.99
MSI MAG Z490 TOMAHAWK LGA 1200 SATA 6Gb/s ATX Intel Motherboard $90 + Free Shipping,,Amazon,$99
MSI MAG Z490 TOMAHAWK LGA 1200 SATA 6Gb/s ATX Intel Motherboard $90 + Free Shipping,,Amazon,$7.90
MSI MAG Z490 TOMAHAWK LGA 1200 SATA 6Gb/s ATX Intel Motherboard $90 + Free Shipping,,,$999
MSI MAG Z490 TOMAHAWK LGA 1200 SATA 6Gb/s ATX Intel Motherboard $90 + Free Shipping,,Amazon,$90
MSI MAG Z490 TOMAHAWK LGA 1200 SATA 6Gb/s ATX Intel Motherboard $90 + Free Shipping,,Amazon,$50
MSI MAG Z490 TOMAHAWK LGA 1200 SATA 6Gb/s ATX Intel Motherboard $90 + Free Shipping,,Walmart,$379
Corsair SF750 SFX Modular Power Supply $159.98,,Amazon,$159.98
Corsair SF750 SFX Modular Power Supply $159.98,,B&H Photo Video,$99
Corsair SF750 SFX Modular Power Supply $159.98,,Dell Technologies,"$1,077.99"
Corsair SF750 SFX Modular Power Supply $159.98,,Amazon,$22.20
Corsair SF750 SFX Modular Power Supply $159.98,,Newegg,$59.99
Corsair SF750 SFX Modular Power Supply $159.98,,Amazon,$229.99
Corsair SF750 SFX Modular Power Supply $159.98,,Newegg,$248
Corsair SF750 SFX Modular Power Supply $159.98,,Walmart,$79
Corsair SF750 SFX Modular Power Supply $159.98,,Newegg,$84.99
Corsair SF750 SFX Modular Power Supply $159.98,,Newegg,$999.99
Corsair SF750 SFX Modular Power Supply $159.98,,Amazon,$94.99
Corsair SF750 SFX Modular Power Supply $159.98,,Newegg,$999.99
Corsair SF750 SFX Modular Power Supply $159.98,,Newegg,
Corsair SF750 SFX Modular Power Supply $159.98,,,
Corsair SF750 SFX Modular Power Supply $159.98,,Amazon,$17
Corsair SF750 SFX Modular Power Supply $159.98,,Amazon,$341.38
Corsair SF750 SFX Modular Power Supply $159.98,,,"$1,216"
Corsair SF750 SFX Modular Power Supply $159.98,,Amazon,$13.15
Corsair SF750 SFX Modular Power Supply $159.98,,Dell Technologies,$380
Corsair SF750 SFX Modular Power Supply $159.98,,Amazon,$242
Corsair SF750 SFX Modular Power Supply $159.98,,Newegg,$78.57
Corsair SF750 SFX Modular Power Supply $159.98,,Amazon,$17
Corsair SF750 SFX Modular Power Supply $159.98,,Newegg,$110
Corsair SF750 SFX Modular Power Supply $159.98,,Amazon,$23.99
Corsair SF750 SFX Modular Power Supply $159.98,,Amazon,$15.99
Corsair SF750 SFX Modular Power Supply $159.98,,Best Buy,$300
Corsair SF750 SFX Modular Power Supply $159.98,,Best Buy,
Corsair SF750 SFX Modular Power Supply $159.98,,eBay,"$1,359.99"
Sabrent Rocket NVMe M.2 2280 Internal SSD: 512GB 3.0  $49.99 + Free Shipping,,Amazon,$49.99
Sabrent Rocket NVMe M.2 2280 Internal SSD: 512GB 3.0  $49.99 + Free Shipping,,Amazon,$95
Sabrent Rocket NVMe M.2 2280 Internal SSD: 512GB 3.0  $49.99 + Free Shipping,,Amazon,$23.99
Sabrent Rocket NVMe M.2 2280 Internal SSD: 512GB 3.0  $49.99 + Free Shipping,,Amazon,$79
Sabrent Rocket NVMe M.2 2280 Internal SSD: 512GB 3.0  $49.99 + Free Shipping,,Amazon,$49.98
Sabrent Rocket NVMe M.2 2280 Internal SSD: 512GB 3.0  $49.99 + Free Shipping,,eBay,"$1,062.49"
Sabrent Rocket NVMe M.2 2280 Internal SSD: 512GB 3.0  $49.99 + Free Shipping,,,"$1,130.49"
Sabrent Rocket NVMe M.2 2280 Internal SSD: 512GB 3.0  $49.99 + Free Shipping,,,$200
Sabrent Rocket NVMe M.2 2280 Internal SSD: 512GB 3.0  $49.99 + Free Shipping,,Best Buy,$40
Sabrent Rocket NVMe M.2 2280 Internal SSD: 512GB 3.0  $49.99 + Free Shipping,,eBay,$705.49
Sabrent Rocket NVMe M.2 2280 Internal SSD: 512GB 3.0  $49.99 + Free Shipping,,Newegg,$20
Sabrent Rocket NVMe M.2 2280 Internal SSD: 512GB 3.0  $49.99 + Free Shipping,,,$134.99
Sabrent Rocket NVMe M.2 2280 Internal SSD: 512GB 3.0  $49.99 + Free Shipping,,Dell Technologies,$930.99
Sabrent Rocket NVMe M.2 2280 Internal SSD: 512GB 3.0  $49.99 + Free Shipping,,Amazon,$180
Sabrent Rocket NVMe M.2 2280 Internal SSD: 512GB 3.0  $49.99 + Free Shipping,,Amazon,$169.99
Sabrent Rocket NVMe M.2 2280 Internal SSD: 512GB 3.0  $49.99 + Free Shipping,,Staples,$480
Sabrent Rocket NVMe M.2 2280 Internal SSD: 512GB 3.0  $49.99 + Free Shipping,,Amazon,$220
Sabrent Rocket NVMe M.2 2280 Internal SSD: 512GB 3.0  $49.99 + Free Shipping,,,$765
Sabrent Rocket NVMe M.2 2280 Internal SSD: 512GB 3.0  $49.99 + Free Shipping,,,$1000
Sabrent Rocket NVMe M.2 2280 Internal SSD: 512GB 3.0  $49.99 + Free Shipping,,Best Buy,"$1,349.99"
Sabrent Rocket NVMe M.2 2280 Internal SSD: 512GB 3.0  $49.99 + Free Shipping,,Amazon,$785
Sabrent Rocket NVMe M.2 2280 Internal SSD: 512GB 3.0  $49.99 + Free Shipping,,Newegg,$78
Sabrent Rocket NVMe M.2 2280 Internal SSD: 512GB 3.0  $49.99 + Free Shipping,,Amazon,$70
Sabrent Rocket NVMe M.2 2280 Internal SSD: 512GB 3.0  $49.99 + Free Shipping,,Walmart,"$1,649"
Sabrent Rocket NVMe M.2 2280 Internal SSD: 512GB 3.0  $49.99 + Free Shipping,,Costco Wholesale,$170
Sabrent Rocket NVMe M.2 2280 Internal SSD: 512GB 3.0  $49.99 + Free Shipping,,Micro Center,$99.99
Sabrent Rocket NVMe M.2 2280 Internal SSD: 512GB 3.0  $49.99 + Free Shipping,,,
Sabrent Rocket NVMe M.2 2280 Internal SSD: 512GB 3.0  $49.99 + Free Shipping,,Micro Center,$179.99
"Asus Vivobook 15 Laptop: Intel Core i3-1220P, 15.6"" 1080p, 4GB DDR4, 256GB SSD, Win 11 $279.99 + Free Shipping @ Staples",,Staples,$279.99
"Asus Vivobook 15 Laptop: Intel Core i3-1220P, 15.6"" 1080p, 4GB DDR4, 256GB SSD, Win 11 $279.99 + Free Shipping @ Staples",,,$354.99
"Asus Vivobook 15 Laptop: Intel Core i3-1220P, 15.6"" 1080p, 4GB DDR4, 256GB SSD, Win 11 $279.99 + Free Shipping @ Staples",,,$249
"Asus Vivobook 15 Laptop: Intel Core i3-1220P, 15.6"" 1080p, 4GB DDR4, 256GB SSD, Win 11 $279.99 + Free Shipping @ Staples",,Amazon,$77.20
"Asus Vivobook 15 Laptop: Intel Core i3-1220P, 15.6"" 1080p, 4GB DDR4, 256GB SSD, Win 11 $279.99 + Free Shipping @ Staples",,Amazon,$179.99
"Asus Vivobook 15 Laptop: Intel Core i3-1220P, 15.6"" 1080p, 4GB DDR4, 256GB SSD, Win 11 $279.99 + Free Shipping @ Staples",,Amazon,$13.26
"Asus Vivobook 15 Laptop: Intel Core i3-1220P, 15.6"" 1080p, 4GB DDR4, 256GB SSD, Win 11 $279.99 + Free Shipping @ Staples",,Walmart,$129
"Asus Vivobook 15 Laptop: Intel Core i3-1220P, 15.6"" 1080p, 4GB DDR4, 256GB SSD, Win 11 $279.99 + Free Shipping @ Staples",,Amazon,$65.90
"Asus Vivobook 15 Laptop: Intel Core i3-1220P, 15.6"" 1080p, 4GB DDR4, 256GB SSD, Win 11 $279.99 + Free Shipping @ Staples",,Best Buy,$139.99
"Asus Vivobook 15 Laptop: Intel Core i3-1220P, 15.6"" 1080p, 4GB DDR4, 256GB SSD, Win 11 $279.99 + Free Shipping @ Staples",,,$59
"Asus Vivobook 15 Laptop: Intel Core i3-1220P, 15.6"" 1080p, 4GB DDR4, 256GB SSD, Win 11 $279.99 + Free Shipping @ Staples",,Walmart,$199
"Asus Vivobook 15 Laptop: Intel Core i3-1220P, 15.6"" 1080p, 4GB DDR4, 256GB SSD, Win 11 $279.99 + Free Shipping @ Staples",,Dell Technologies,$150
"Asus Vivobook 15 Laptop: Intel Core i3-1220P, 15.6"" 1080p, 4GB DDR4, 256GB SSD, Win 11 $279.99 + Free Shipping @ Staples",,AAFES / Shop My Exchange,$49.99
"Asus Vivobook 15 Laptop: Intel Core i3-1220P, 15.6"" 1080p, 4GB DDR4, 256GB SSD, Win 11 $279.99 + Free Shipping @ Staples",,,$82.99
"Asus Vivobook 15 Laptop: Intel Core i3-1220P, 15.6"" 1080p, 4GB DDR4, 256GB SSD, Win 11 $279.99 + Free Shipping @ Staples",,Amazon,$350
"Asus Vivobook 15 Laptop: Intel Core i3-1220P, 15.6"" 1080p, 4GB DDR4, 256GB SSD, Win 11 $279.99 + Free Shipping @ Staples",,Walmart,$439
"Asus Vivobook 15 Laptop: Intel Core i3-1220P, 15.6"" 1080p, 4GB DDR4, 256GB SSD, Win 11 $279.99 + Free Shipping @ Staples",,Walmart,$449
"Asus Vivobook 15 Laptop: Intel Core i3-1220P, 15.6"" 1080p, 4GB DDR4, 256GB SSD, Win 11 $279.99 + Free Shipping @ Staples",,Newegg,$18
"Asus Vivobook 15 Laptop: Intel Core i3-1220P, 15.6"" 1080p, 4GB DDR4, 256GB SSD, Win 11 $279.99 + Free Shipping @ Staples",,eBay,$60
"Asus Vivobook 15 Laptop: Intel Core i3-1220P, 15.6"" 1080p, 4GB DDR4, 256GB SSD, Win 11 $279.99 + Free Shipping @ Staples",,Newegg,$74.99
"Asus Vivobook 15 Laptop: Intel Core i3-1220P, 15.6"" 1080p, 4GB DDR4, 256GB SSD, Win 11 $279.99 + Free Shipping @ Staples",,,$170
"Asus Vivobook 15 Laptop: Intel Core i3-1220P, 15.6"" 1080p, 4GB DDR4, 256GB SSD, Win 11 $279.99 + Free Shipping @ Staples",,Newegg,$329.99
"Asus Vivobook 15 Laptop: Intel Core i3-1220P, 15.6"" 1080p, 4GB DDR4, 256GB SSD, Win 11 $279.99 + Free Shipping @ Staples",,Walmart,$499
"Asus Vivobook 15 Laptop: Intel Core i3-1220P, 15.6"" 1080p, 4GB DDR4, 256GB SSD, Win 11 $279.99 + Free Shipping @ Staples",,B&H Photo Video,$300
"Asus Vivobook 15 Laptop: Intel Core i3-1220P, 15.6"" 1080p, 4GB DDR4, 256GB SSD, Win 11 $279.99 + Free Shipping @ Staples",,Newegg,$116
"Asus Vivobook 15 Laptop: Intel Core i3-1220P, 15.6"" 1080p, 4GB DDR4, 256GB SSD, Win 11 $279.99 + Free Shipping @ Staples",,Staples,$599
"Asus Vivobook 15 Laptop: Intel Core i3-1220P, 15.6"" 1080p, 4GB DDR4, 256GB SSD, Win 11 $279.99 + Free Shipping @ Staples",,Amazon,$42
"Asus Vivobook 15 Laptop: Intel Core i3-1220P, 15.6"" 1080p, 4GB DDR4, 256GB SSD, Win 11 $279.99 + Free Shipping @ Staples",,Dell Technologies,"$1,099.99"
AMD Ryzen 5 5600G Cezanne 3.9GHz 6-Core Processor w/ Wraith Stealth Cooler,,,$95
AMD Ryzen 5 5600G Cezanne 3.9GHz 6-Core Processor w/ Wraith Stealth Cooler,,Walmart,$39
AMD Ryzen 5 5600G Cezanne 3.9GHz 6-Core Processor w/ Wraith Stealth Cooler,,,$399.99
AMD Ryzen 5 5600G Cezanne 3.9GHz 6-Core Processor w/ Wraith Stealth Cooler,,eBay,$193.60
AMD Ryzen 5 5600G Cezanne 3.9GHz 6-Core Processor w/ Wraith Stealth Cooler,,,$140
AMD Ryzen 5 5600G Cezanne 3.9GHz 6-Core Processor w/ Wraith Stealth Cooler,,Newegg,$28.99
AMD Ryzen 5 5600G Cezanne 3.9GHz 6-Core Processor w/ Wraith Stealth Cooler,,Dell Technologies,$180
AMD Ryzen 5 5600G Cezanne 3.9GHz 6-Core Processor w/ Wraith Stealth Cooler,,Target,$399.99
AMD Ryzen 5 5600G Cezanne 3.9GHz 6-Core Processor w/ Wraith Stealth Cooler,,Amazon,$27.49
AMD Ryzen 5 5600G Cezanne 3.9GHz 6-Core Processor w/ Wraith Stealth Cooler,,Amazon,$59.24
AMD Ryzen 5 5600G Cezanne 3.9GHz 6-Core Processor w/ Wraith Stealth Cooler,,Dell Technologies,$269.99
AMD Ryzen 5 5600G Cezanne 3.9GHz 6-Core Processor w/ Wraith Stealth Cooler,,Dell Technologies,"$1,199.99"
AMD Ryzen 5 5600G Cezanne 3.9GHz 6-Core Processor w/ Wraith Stealth Cooler,,Amazon,$97.30
AMD Ryzen 5 5600G Cezanne 3.9GHz 6-Core Processor w/ Wraith Stealth Cooler,,Amazon,$199
AMD Ryzen 5 5600G Cezanne 3.9GHz 6-Core Processor w/ Wraith Stealth Cooler,,Micro Center,$300
AMD Ryzen 5 5600G Cezanne 3.9GHz 6-Core Processor w/ Wraith Stealth Cooler,,,$489.99
AMD Ryzen 5 5600G Cezanne 3.9GHz 6-Core Processor w/ Wraith Stealth Cooler,,Dell Technologies,
AMD Ryzen 5 5600G Cezanne 3.9GHz 6-Core Processor w/ Wraith Stealth Cooler,,Amazon,$80
AMD Ryzen 5 5600G Cezanne 3.9GHz 6-Core Processor w/ Wraith Stealth Cooler,,,"$2,639.99"
AMD Ryzen 5 5600G Cezanne 3.9GHz 6-Core Processor w/ Wraith Stealth Cooler,,Amazon,$194
AMD Ryzen 5 5600G Cezanne 3.9GHz 6-Core Processor w/ Wraith Stealth Cooler,,Best Buy,"$1,099.99"
AMD Ryzen 5 5600G Cezanne 3.9GHz 6-Core Processor w/ Wraith Stealth Cooler,,Best Buy,$230
AMD Ryzen 5 5600G Cezanne 3.9GHz 6-Core Processor w/ Wraith Stealth Cooler,,Amazon,$129
AMD Ryzen 5 5600G Cezanne 3.9GHz 6-Core Processor w/ Wraith Stealth Cooler,,Amazon,$119
AMD Ryzen 5 5600G Cezanne 3.9GHz 6-Core Processor w/ Wraith Stealth Cooler,,,$599.99
AMD Ryzen 5 5600G Cezanne 3.9GHz 6-Core Processor w/ Wraith Stealth Cooler,,,$499
AMD Ryzen 5 5600G Cezanne 3.9GHz 6-Core Processor w/ Wraith Stealth Cooler,,Costco Wholesale,"$1,099.99"
AMD Ryzen 5 5600G Cezanne 3.9GHz 6-Core Processor w/ Wraith Stealth Cooler,,Best Buy,$159
"32"" Monoprice Zero-G 2560x1440 165Hz 1500R VA Curved Gaming Monitor $221 + Free Shipping",,,$220.99
"32"" Monoprice Zero-G 2560x1440 165Hz 1500R VA Curved Gaming Monitor $221 + Free Shipping",,Amazon,$15.40
"32"" Monoprice Zero-G 2560x1440 165Hz 1500R VA Curved Gaming Monitor $221 + Free Shipping",,Amazon,$349
"32"" Monoprice Zero-G 2560x1440 165Hz 1500R VA Curved Gaming Monitor $221 + Free Shipping",,Amazon,"$1,399.99"
"32"" Monoprice Zero-G 2560x1440 165Hz 1500R VA Curved Gaming Monitor $221 + Free Shipping",,Amazon,$113.55
"32"" Monoprice Zero-G 2560x1440 165Hz 1500R VA Curved Gaming Monitor $221 + Free Shipping",,Amazon,$130
"32"" Monoprice Zero-G 2560x1440 165Hz 1500R VA Curved Gaming Monitor $221 + Free Shipping",,Best Buy,$149.99
"32"" Monoprice Zero-G 2560x1440 165Hz 1500R VA Curved Gaming Monitor $221 + Free Shipping",,,"$2,124.99"
"32"" Monoprice Zero-G 2560x1440 165Hz 1500R VA Curved Gaming Monitor $221 + Free Shipping",,Amazon,$199.99
"32"" Monoprice Zero-G 2560x1440 165Hz 1500R VA Curved Gaming Monitor $221 + Free Shipping",,Amazon,$349
"32"" Monoprice Zero-G 2560x1440 165Hz 1500R VA Curved Gaming Monitor $221 + Free Shipping",,Newegg,$529
"32"" Monoprice Zero-G 2560x1440 165Hz 1500R VA Curved Gaming Monitor $221 + Free Shipping",,Amazon,$186.30
"32"" Monoprice Zero-G 2560x1440 165Hz 1500R VA Curved Gaming Monitor $221 + Free Shipping",,Newegg,$279.99
"32"" Monoprice Zero-G 2560x1440 165Hz 1500R VA Curved Gaming Monitor $221 + Free Shipping",,B&H Photo Video,"$572,217"
"32"" Monoprice Zero-G 2560x1440 165Hz 1500R VA Curved Gaming Monitor $221 + Free Shipping",,Lenovo,$886.24
"32"" Monoprice Zero-G 2560x1440 165Hz 1500R VA Curved Gaming Monitor $221 + Free Shipping",,Amazon,$8.44
"32"" Monoprice Zero-G 2560x1440 165Hz 1500R VA Curved Gaming Monitor $221 + Free Shipping",,Newegg,$519.99
"32"" Monoprice Zero-G 2560x1440 165Hz 1500R VA Curved Gaming Monitor $221 + Free Shipping",,Newegg,$19
"32"" Monoprice Zero-G 2560x1440 165Hz 1500R VA Curved Gaming Monitor $221 + Free Shipping",,Amazon,$129
"32"" Monoprice Zero-G 2560x1440 165Hz 1500R VA Curved Gaming Monitor $221 + Free Shipping",,B&H Photo Video,$20
"32"" Monoprice Zero-G 2560x1440 165Hz 1500R VA Curved Gaming Monitor $221 + Free Shipping",,Newegg,$55
"32"" Monoprice Zero-G 2560x1440 165Hz 1500R VA Curved Gaming Monitor $221 + Free Shipping",,Newegg,$209
"32"" Monoprice Zero-G 2560x1440 165Hz 1500R VA Curved Gaming Monitor $221 + Free Shipping",,Walmart,$229
"32"" Monoprice Zero-G 2560x1440 165Hz 1500R VA Curved Gaming Monitor $221 + Free Shipping",,Amazon,
"32"" Monoprice Zero-G 2560x1440 165Hz 1500R VA Curved Gaming Monitor $221 + Free Shipping",,Newegg,
"32"" Monoprice Zero-G 2560x1440 165Hz 1500R VA Curved Gaming Monitor $221 + Free Shipping",,Amazon,"$1,149.99"
"32"" Monoprice Zero-G 2560x1440 165Hz 1500R VA Curved Gaming Monitor $221 + Free Shipping",,Best Buy,$687.99
"32"" Monoprice Zero-G 2560x1440 165Hz 1500R VA Curved Gaming Monitor $221 + Free Shipping",,Lenovo,$886.24
"Samsung 32"" M80B UHD Smart Monitor with Streaming TV and SlimFit Camera Included Blue LS32BM80BUNXGO - $529.99",,Best Buy,$529.99
"Samsung 32"" M80B UHD Smart Monitor with Streaming TV and SlimFit Camera Included Blue LS32BM80BUNXGO - $529.99",,,$299.99
"Samsung 32"" M80B UHD Smart Monitor with Streaming TV and SlimFit Camera Included Blue LS32BM80BUNXGO - $529.99",,Dell Technologies,$70
"Samsung 32"" M80B UHD Smart Monitor with Streaming TV and SlimFit Camera Included Blue LS32BM80BUNXGO - $529.99",,Amazon,$120
"Samsung 32"" M80B UHD Smart Monitor with Streaming TV and SlimFit Camera Included Blue LS32BM80BUNXGO - $529.99",,Amazon,$16.99
"Samsung 32"" M80B UHD Smart Monitor with Streaming TV and SlimFit Camera Included Blue LS32BM80BUNXGO - $529.99",,,"$1,699.99"
"Samsung 32"" M80B UHD Smart Monitor with Streaming TV and SlimFit Camera Included Blue LS32BM80BUNXGO - $529.99",,,"$2,700"
"Samsung 32"" M80B UHD Smart Monitor with Streaming TV and SlimFit Camera Included Blue LS32BM80BUNXGO - $529.99",,Amazon,$255.91
"Samsung 32"" M80B UHD Smart Monitor with Streaming TV and SlimFit Camera Included Blue LS32BM80BUNXGO - $529.99",,Micro Center,$429.99
"Samsung 32"" M80B UHD Smart Monitor with Streaming TV and SlimFit Camera Included Blue LS32BM80BUNXGO - $529.99",,Costco Wholesale,$270
"Samsung 32"" M80B UHD Smart Monitor with Streaming TV and SlimFit Camera Included Blue LS32BM80BUNXGO - $529.99",,,$399
"Samsung 32"" M80B UHD Smart Monitor with Streaming TV and SlimFit Camera Included Blue LS32BM80BUNXGO - $529.99",,Micro Center,"$1,699.99"
"Samsung 32"" M80B UHD Smart Monitor with Streaming TV and SlimFit Camera Included Blue LS32BM80BUNXGO - $529.99",,Walmart,$154
"Samsung 32"" M80B UHD Smart Monitor with Streaming TV and SlimFit Camera Included Blue LS32BM80BUNXGO - $529.99",,,$130
"Samsung 32"" M80B UHD Smart Monitor with Streaming TV and SlimFit Camera Included Blue LS32BM80BUNXGO - $529.99",,GameStop,$53.98
"Samsung 32"" M80B UHD Smart Monitor with Streaming TV and SlimFit Camera Included Blue LS32BM80BUNXGO - $529.99",,Micro Center,$399
"Samsung 32"" M80B UHD Smart Monitor with Streaming TV and SlimFit Camera Included Blue LS32BM80BUNXGO - $529.99",,Amazon,$29.99
"Samsung 32"" M80B UHD Smart Monitor with Streaming TV and SlimFit Camera Included Blue LS32BM80BUNXGO - $529.99",,Micro Center,$140
"Samsung 32"" M80B UHD Smart Monitor with Streaming TV and SlimFit Camera Included Blue LS32BM80BUNXGO - $529.99",,Best Buy,$19.99
"Samsung 32"" M80B UHD Smart Monitor with Streaming TV and SlimFit Camera Included Blue LS32BM80BUNXGO - $529.99",,Costco Wholesale,$815
"Samsung 32"" M80B UHD Smart Monitor with Streaming TV and SlimFit Camera Included Blue LS32BM80BUNXGO - $529.99",,Newegg,$424.99
"Samsung 32"" M80B UHD Smart Monitor with Streaming TV and SlimFit Camera Included Blue LS32BM80BUNXGO - $529.99",,,"$1,414.60"
"Samsung 32"" M80B UHD Smart Monitor with Streaming TV and SlimFit Camera Included Blue LS32BM80BUNXGO - $529.99",,Micro Center,$899.99
"Samsung 32"" M80B UHD Smart Monitor with Streaming TV and SlimFit Camera Included Blue LS32BM80BUNXGO - $529.99",,BuyDig,"$1,197"
"Samsung 32"" M80B UHD Smart Monitor with Streaming TV and SlimFit Camera Included Blue LS32BM80BUNXGO - $529.99",,,
"Samsung 32"" M80B UHD Smart Monitor with Streaming TV and SlimFit Camera Included Blue LS32BM80BUNXGO - $529.99",,Amazon,"$1,199.99"
"Samsung 32"" M80B UHD Smart Monitor with Streaming TV and SlimFit Camera Included Blue LS32BM80BUNXGO - $529.99",,Amazon,$56.99
"Samsung 32"" M80B UHD Smart Monitor with Streaming TV and SlimFit Camera Included Blue LS32BM80BUNXGO - $529.99",,Amazon,30% Off
Redragon Devarajas K556 RGB Mechanical Gaming Keyboard $40 @ MicroCenter $39.99,,,$39.99
Redragon Devarajas K556 RGB Mechanical Gaming Keyboard $40 @ MicroCenter $39.99,,,for Pricing
Redragon Devarajas K556 RGB Mechanical Gaming Keyboard $40 @ MicroCenter $39.99,,,$1450
Redragon Devarajas K556 RGB Mechanical Gaming Keyboard $40 @ MicroCenter $39.99,,Amazon,$11.99
Redragon Devarajas K556 RGB Mechanical Gaming Keyboard $40 @ MicroCenter $39.99,,Newegg,$210
Redragon Devarajas K556 RGB Mechanical Gaming Keyboard $40 @ MicroCenter $39.99,,eBay,$790
Redragon Devarajas K556 RGB Mechanical Gaming Keyboard $40 @ MicroCenter $39.99,,Amazon,$8.99
Redragon Devarajas K556 RGB Mechanical Gaming Keyboard $40 @ MicroCenter $39.99,,,$72
Redragon Devarajas K556 RGB Mechanical Gaming Keyboard $40 @ MicroCenter $39.99,,Costco Wholesale,$99.97
Redragon Devarajas K556 RGB Mechanical Gaming Keyboard $40 @ MicroCenter $39.99,,,
Redragon Devarajas K556 RGB Mechanical Gaming Keyboard $40 @ MicroCenter $39.99,,Walmart,$349
Redragon Devarajas K556 RGB Mechanical Gaming Keyboard $40 @ MicroCenter $39.99,,Best Buy,$79.99
Redragon Devarajas K556 RGB Mechanical Gaming Keyboard $40 @ MicroCenter $39.99,,Newegg,$190
Redragon Devarajas K556 RGB Mechanical Gaming Keyboard $40 @ MicroCenter $39.99,,Newegg,$340
Redragon Devarajas K556 RGB Mechanical Gaming Keyboard $40 @ MicroCenter $39.99,,Amazon,"$1,196.99"
Redragon Devarajas K556 RGB Mechanical Gaming Keyboard $40 @ MicroCenter $39.99,,Newegg,"$1,499"
Redragon Devarajas K556 RGB Mechanical Gaming Keyboard $40 @ MicroCenter $39.99,,Newegg,$135
Redragon Devarajas K556 RGB Mechanical Gaming Keyboard $40 @ MicroCenter $39.99,,Target,$20
Redragon Devarajas K556 RGB Mechanical Gaming Keyboard $40 @ MicroCenter $39.99,,Newegg,$155
Redragon Devarajas K556 RGB Mechanical Gaming Keyboard $40 @ MicroCenter $39.99,,Amazon,$12.99
Redragon Devarajas K556 RGB Mechanical Gaming Keyboard $40 @ MicroCenter $39.99,,Walmart,$199
Redragon Devarajas K556 RGB Mechanical Gaming Keyboard $40 @ MicroCenter $39.99,,Lenovo,$152
Redragon Devarajas K556 RGB Mechanical Gaming Keyboard $40 @ MicroCenter $39.99,,Amazon,$9.49
Redragon Devarajas K556 RGB Mechanical Gaming Keyboard $40 @ MicroCenter $39.99,,Costco Wholesale,See Thread for Pricing
Redragon Devarajas K556 RGB Mechanical Gaming Keyboard $40 @ MicroCenter $39.99,,Lenovo,$999
Redragon Devarajas K556 RGB Mechanical Gaming Keyboard $40 @ MicroCenter $39.99,,,$24.97
Redragon Devarajas K556 RGB Mechanical Gaming Keyboard $40 @ MicroCenter $39.99,,Amazon,$9.99
Redragon Devarajas K556 RGB Mechanical Gaming Keyboard $40 @ MicroCenter $39.99,,Best Buy,$199
"HP Chromebase All-in-One Desktop PC, 21.5""  [Save $260] $329",,,$329
"HP Chromebase All-in-One Desktop PC, 21.5""  [Save $260] $329",,,"$1,488"
"HP Chromebase All-in-One Desktop PC, 21.5""  [Save $260] $329",,Amazon,$121
"HP Chromebase All-in-One Desktop PC, 21.5""  [Save $260] $329",,Target,$49.99
"HP Chromebase All-in-One Desktop PC, 21.5""  [Save $260] $329",,,$39.95
"HP Chromebase All-in-One Desktop PC, 21.5""  [Save $260] $329",,Amazon,$31.99
"HP Chromebase All-in-One Desktop PC, 21.5""  [Save $260] $329",,,$189
"HP Chromebase All-in-One Desktop PC, 21.5""  [Save $260] $329",,,See Thread for Pricing
"HP Chromebase All-in-One Desktop PC, 21.5""  [Save $260] $329",,Best Buy,$16.99
"HP Chromebase All-in-One Desktop PC, 21.5""  [Save $260] $329",,,$3/Month
"HP Chromebase All-in-One Desktop PC, 21.5""  [Save $260] $329",,Amazon,$5.40
"HP Chromebase All-in-One Desktop PC, 21.5""  [Save $260] $329",,Amazon,$29.99
"HP Chromebase All-in-One Desktop PC, 21.5""  [Save $260] $329",,,$409.99
"HP Chromebase All-in-One Desktop PC, 21.5""  [Save $260] $329",,Staples,$499.99
"HP Chromebase All-in-One Desktop PC, 21.5""  [Save $260] $329",,Best Buy,$900
"HP Chromebase All-in-One Desktop PC, 21.5""  [Save $260] $329",,Office Depot and OfficeMax,
"HP Chromebase All-in-One Desktop PC, 21.5""  [Save $260] $329",,Best Buy,$199.99
"HP Chromebase All-in-One Desktop PC, 21.5""  [Save $260] $329",,Newegg,
"HP Chromebase All-in-One Desktop PC, 21.5""  [Save $260] $329",,Microsoft Store,
"HP Chromebase All-in-One Desktop PC, 21.5""  [Save $260] $329",,Newegg,$99.99
"HP Chromebase All-in-One Desktop PC, 21.5""  [Save $260] $329",,,$349
"HP Chromebase All-in-One Desktop PC, 21.5""  [Save $260] $329",,Dell Technologies,"$1,199.99"
"HP Chromebase All-in-One Desktop PC, 21.5""  [Save $260] $329",,Costco Wholesale,$799.99
"HP Chromebase All-in-One Desktop PC, 21.5""  [Save $260] $329",,,$135.99
"HP Chromebase All-in-One Desktop PC, 21.5""  [Save $260] $329",,Costco Wholesale,"$1,199.99"
"HP Chromebase All-in-One Desktop PC, 21.5""  [Save $260] $329",,Walmart,$2.50
"HP Chromebase All-in-One Desktop PC, 21.5""  [Save $260] $329",,eBay,$527.99
"HP Chromebase All-in-One Desktop PC, 21.5""  [Save $260] $329",,Amazon,$236.99
"28"" Monoprice CrystalPro Monitor - 4K UHD, 60Hz, 65W USB-C, Height Adjustable Stand, IPS $323.99 + FS",,,$323.99
"28"" Monoprice CrystalPro Monitor - 4K UHD, 60Hz, 65W USB-C, Height Adjustable Stand, IPS $323.99 + FS",,Amazon,$89.99
"28"" Monoprice CrystalPro Monitor - 4K UHD, 60Hz, 65W USB-C, Height Adjustable Stand, IPS $323.99 + FS",,,$95
"28"" Monoprice CrystalPro Monitor - 4K UHD, 60Hz, 65W USB-C, Height Adjustable Stand, IPS $323.99 + FS",,Walmart,$49
"28"" Monoprice CrystalPro Monitor - 4K UHD, 60Hz, 65W USB-C, Height Adjustable Stand, IPS $323.99 + FS",,Amazon,
